{"cameraMode":{"drawMode":0,"name":"Shaded","section":"Shading Mode"},"sceneLighting":true,"audioPlay":false,"sceneViewState":{"m_AlwaysRefresh":false,"showFog":true,"showSkybox":true,"showFlares":true,"showImageEffects":true,"showParticleSystems":true,"showVisualEffectGraphs":true,"m_FxEnabled":false},"in2DMode":false,"pivot":{"x":-0.29610782861709597,"y":5.396541118621826,"z":-3.0298831462860109},"rotation":{"x":0.2635451555252075,"y":-0.45669692754745486,"z":0.14419512450695039,"w":0.8385710120201111},"size":1.6285033226013184,"orthographic":false}