{"cameraMode":{"drawMode":0,"name":"Shaded","section":"Shading Mode"},"sceneLighting":true,"audioPlay":false,"sceneViewState":{"m_AlwaysRefresh":false,"showFog":true,"showSkybox":true,"showFlares":true,"showImageEffects":true,"showParticleSystems":true,"showVisualEffectGraphs":true,"m_FxEnabled":false},"in2DMode":false,"pivot":{"x":0.8907314538955689,"y":1.3069674968719483,"z":2.9920248985290529},"rotation":{"x":0.008556460961699486,"y":-0.990639328956604,"z":0.07931262999773026,"w":0.11613832414150238},"size":4.573497772216797,"orthographic":false}