{"cameraMode":{"drawMode":0,"name":"Shaded","section":"Shading Mode"},"sceneLighting":true,"audioPlay":false,"sceneViewState":{"m_AlwaysRefresh":false,"showFog":true,"showSkybox":true,"showFlares":true,"showImageEffects":true,"showParticleSystems":true,"showVisualEffectGraphs":true,"m_FxEnabled":false},"in2DMode":false,"pivot":{"x":12.982213973999024,"y":2.6011266708374025,"z":-3.761547088623047},"rotation":{"x":0.22296616435050965,"y":0.24327898025512696,"z":-0.05618297681212425,"w":0.9432206749916077},"size":10.366532325744629,"orthographic":false}