{"cameraMode":{"drawMode":0,"name":"Shaded","section":"Shading Mode"},"sceneLighting":true,"audioPlay":false,"sceneViewState":{"m_AlwaysRefresh":false,"showFog":true,"showSkybox":true,"showFlares":true,"showImageEffects":true,"showParticleSystems":true,"showVisualEffectGraphs":true,"m_FxEnabled":false},"in2DMode":false,"pivot":{"x":15.148311614990235,"y":-2.9225473403930666,"z":9.740581512451172},"rotation":{"x":0.24973814189434052,"y":0.19359858334064485,"z":-0.04993695393204689,"w":0.9482930302619934},"size":9.492944717407227,"orthographic":false}