{"cameraMode":{"drawMode":0,"name":"Shaded","section":"Shading Mode"},"sceneLighting":true,"audioPlay":false,"sceneViewState":{"m_AlwaysRefresh":false,"showFog":true,"showSkybox":true,"showFlares":true,"showImageEffects":true,"showParticleSystems":true,"showVisualEffectGraphs":true,"m_FxEnabled":false},"in2DMode":false,"pivot":{"x":0.5524756908416748,"y":0.15374374389648438,"z":-3.091623306274414},"rotation":{"x":0.29559314250946047,"y":-0.07258443534374237,"z":0.023758355528116227,"w":0.953158974647522},"size":12.362281799316407,"orthographic":false}