{"cameraMode":{"drawMode":0,"name":"Shaded","section":"Shading Mode"},"sceneLighting":true,"audioPlay":false,"sceneViewState":{"m_AlwaysRefresh":false,"showFog":true,"showSkybox":true,"showFlares":true,"showImageEffects":true,"showParticleSystems":true,"showVisualEffectGraphs":true,"m_FxEnabled":true},"in2DMode":false,"pivot":{"x":-0.5503160357475281,"y":-4.601940631866455,"z":4.954864501953125},"rotation":{"x":0.22205674648284913,"y":0.0022971653379499914,"z":-0.00032784324139356613,"w":0.975558340549469},"size":12.745808601379395,"orthographic":false}