{"cameraMode":{"drawMode":0,"name":"Shaded","section":"Shading Mode"},"sceneLighting":true,"audioPlay":false,"sceneViewState":{"m_AlwaysRefresh":false,"showFog":true,"showSkybox":true,"showFlares":true,"showImageEffects":true,"showParticleSystems":true,"showVisualEffectGraphs":true,"m_FxEnabled":false},"in2DMode":false,"pivot":{"x":1.349142074584961,"y":-4.239560604095459,"z":22.151472091674806},"rotation":{"x":-0.11858780682086945,"y":-0.011861922219395638,"z":0.0016038961475715042,"w":-0.993484377861023},"size":12.669220924377442,"orthographic":false}