{"cameraMode":{"drawMode":0,"name":"Shaded","section":"Shading Mode"},"sceneLighting":true,"audioPlay":false,"sceneViewState":{"m_AlwaysRefresh":false,"showFog":true,"showSkybox":true,"showFlares":true,"showImageEffects":true,"showParticleSystems":true,"showVisualEffectGraphs":true,"m_FxEnabled":false},"in2DMode":false,"pivot":{"x":2.2578141689300539,"y":2.674778461456299,"z":-1.9640402793884278},"rotation":{"x":0.501728892326355,"y":-0.010356797836720944,"z":0.00741175003349781,"w":0.8656355738639832},"size":16.094572067260743,"orthographic":false}