{"cameraMode":{"drawMode":0,"name":"Shaded","section":"Shading Mode"},"sceneLighting":false,"audioPlay":false,"sceneViewState":{"m_AlwaysRefresh":false,"showFog":true,"showSkybox":false,"showFlares":true,"showImageEffects":true,"showParticleSystems":true,"showVisualEffectGraphs":true,"m_FxEnabled":false},"in2DMode":false,"pivot":{"x":-0.03714025020599365,"y":1.2992669343948365,"z":-0.012856364250183106},"rotation":{"x":0.5248757004737854,"y":-0.0139863146468997,"z":0.010049725882709027,"w":0.8517209887504578},"size":2.2363741397857668,"orthographic":false}